Producto,Ventas
Lulada,250
Lulada,310
Lulada,285
Lulada,295
Lulada,340
Waffle Arequipe,180
Waffle Arequipe,195
Waffle Arequipe,210
Waffle Arequipe,175
Waffle Arequipe,220
Waffle Nutella,145
Waffle Nutella,160
Waffle Nutella,170
Waffle Nutella,155
Waffle Nutella,180
Waffle Frutos Rojos,130
Waffle Frutos Rojos,145
Waffle Frutos Rojos,140
Waffle Frutos Rojos,150
Malteada Cheesecake,140
Malteada Cheesecake,155
Malteada Cheesecake,165
Malteada Cheesecake,150
Malteada Oreo,120
Malteada Oreo,135
Malteada Oreo,145
Malteada Oreo,130
Malteada Café,95
Malteada Café,105
Malteada Café,115
Copa Verano Mango Kiwi,120
Copa Verano Mango Kiwi,135
Copa Verano Mango Kiwi,140
Copa Durazno,110
Copa Durazno,125
Copa Durazno,135
Tentación Baileys,80
Tentación Baileys,90
Tentación Baileys,100
Cóctel Café y Baileys,75
Cóctel Café y Baileys,85
Cóctel Café y Baileys,95
Fresas con Crema,160
Fresas con Crema,170
Fresas con Crema,185
Salpicón con Helado,150
Salpicón con Helado,165
Salpicón con Helado,175
Merengón con Helado,140
Merengón con Helado,155
Merengón con Helado,170
Merengón sin Helado,90
Merengón sin Helado,100
Merengón sin Helado,110
Smoothie Mora,85
Smoothie Mora,95
Smoothie Mora,105
Smoothie Mango,90
Smoothie Mango,100
Smoothie Mango,110
Sándwich Súper Especial,120
Sándwich Súper Especial,130
Sándwich Súper Especial,145
Jugo en Agua,220
Jugo en Agua,240
Jugo en Agua,260
Jugo en Leche,180
Jugo en Leche,190
Jugo en Leche,210
Chocolate,80
Chocolate,90
Chocolate,100
Chocolate con Queso,110
Chocolate con Queso,125
Chocolate con Queso,135
Aguapanela,75
Aguapanela,85
Aguapanela,95
Aguapanela con Queso,105
Aguapanela con Queso,120
Aguapanela con Queso,130
Café,150
Café,170
Café,180
Café en Leche,120
Café en Leche,135
Café en Leche,145